<?xml version="1.0" encoding="UTF-8" standalone="no"?>
<group_gains>
  <control_strategy>4 4</control_strategy>
  <position>
    <kp>100 100</kp>
    <ki>20 20</ki>
    <kd>0 0</kd>
    <feed_forward>0 0</feed_forward>
    <dead_zone>0.0 0.0</dead_zone>
    <i_clamp>0.25 0.25</i_clamp>
    <punch>0 0</punch>
    <min_target>-inf -inf</min_target>
    <max_target>inf inf</max_target>
    <target_lowpass>1 1</target_lowpass>
    <min_output>-20 -20</min_output>
    <max_output>20 20</max_output>
    <output_lowpass>1 1</output_lowpass>
    <d_on_error>1 1</d_on_error>
  </position>
  <velocity>
    <kp>0.2 0.2</kp>
    <ki>0 0</ki>
    <kd>0 0</kd>
    <feed_forward>1 1</feed_forward>
    <dead_zone>0 0</dead_zone>
    <i_clamp>-0 -0</i_clamp>
    <punch>0 0</punch>
    <min_target>-1.502675 -1.502675</min_target>
    <max_target>1.502675 1.502675</max_target>
    <target_lowpass>1 1</target_lowpass>
    <min_output>-1 -1</min_output>
    <max_output>1 1</max_output>
    <output_lowpass>0.75 0.75</output_lowpass>
    <d_on_error>1 1</d_on_error>
  </velocity>
  <effort>
    <kp>0.1 0.1</kp>
    <ki>0 0</ki>
    <kd>0.001 0.001</kd>
    <feed_forward>1 1</feed_forward>
    <dead_zone>0 0</dead_zone>
    <i_clamp>-0 -0</i_clamp>
    <punch>0 0</punch>
    <min_target>-20 -20</min_target>
    <max_target>20 20</max_target>
    <target_lowpass>1 1</target_lowpass>
    <min_output>-1 -1</min_output>
    <max_output>1 1</max_output>
    <output_lowpass>0.1 0.1</output_lowpass>
    <d_on_error>0 0</d_on_error>
  </effort>
</group_gains>
